{
  "text": "I need two Paneer Burgers and one packet of Chicken McNuggets, also I want a chocolate milkshake though make it with almond milk because I am lactose intolerant.",
  "task": "transcribe",
  "language": "english",
  "duration": 21.40999984741211,
  "segments": [
    {
      "id": 0,
      "seek": 0,
      "start": 0.0,
      "end": 20.0,
      "text": " I need two Paneer Burgers and one packet of Chicken McNuggets, also I want a chocolate milkshake though make it with almond milk because I am lactose intolerant.",
      "tokens": [
        50364,
        286,
        643,
        732,
        430,
        1929,
        260,
        32911,
        433,
        293,
        472,
        20300,
        295,
        16765,
        48996,
        697,
        16284,
        11,
        611,
        286,
        528,
        257,
        6215,
        48773,
        34593,
        1673,
        652,
        309,
        365,
        29506,
        5392,
        570,
        286,
        669,
        34042,
        541,
        35278,
        394,
        13,
        51364
      ],
      "temperature": 0.0,
      "avg_logprob": -0.41839590668678284,
      "compression_ratio": 1.2777777910232544,
      "no_speech_prob": 0.033328499644994736
    }
  ]
}